Trial,Channel,Temperature (C)
5,0,21.204265869382517
5,1,21.211324401564458
5,2,21.15412266030159
5,3,20.570567074360028
