Trial,Channel,Temperature (C)
6,0,21.21177478895754
6,1,21.21789838006922
6,2,21.151430001690084
6,3,20.57532154543853
