Trial,Channel,Temperature (C)
3,0,21.186858414999726
3,1,21.20475360338175
3,2,21.14998756717456
3,3,20.557111308823174
