Trial,Channel,Temperature (C)
9,0,21.17374551209357
9,1,21.19990339078022
9,2,21.16531261136424
9,3,20.57963882317753
