Trial,Channel,Temperature (C)
4,0,21.186858414999726
4,1,21.20475360338175
4,2,21.14998756717456
4,3,20.557111308823174
