Trial,Channel,Temperature (C)
8,0,21.19711819588791
8,1,21.21631547355198
8,2,21.159413129897125
8,3,20.578181601870497
