Trial,Channel,Temperature (C)
1,0,21.160482558513994
1,1,21.180451787538203
1,2,21.118430264425772
1,3,20.533688452923784
