Trial,Channel,Temperature (C)
10,0,21.17374551209357
10,1,21.19990339078022
10,2,21.16531261136424
10,3,20.57963882317753
