Trial,Channel,Temperature (C)
11,0,21.15949637454149
11,1,21.18869731439043
11,2,21.166835337684212
11,3,20.56856726971599
