Trial,Channel,Temperature (C)
7,0,21.21177478895754
7,1,21.21789838006922
7,2,21.151430001690084
7,3,20.57532154543853
