Trial,Channel,Temperature (C)
2,0,21.1707368210678
2,1,21.192406319141977
2,2,21.141033123666183
2,3,20.554178322479853
